Stream,SYN,FIN,LEN,DPORT,PROTO,MIRAI
stream_0_date_00:00:25_09_19_2019.pcap,0,0.25,9.5,23,6,1
stream_0_date_00:06:57_09_21_2019.pcap,1,0,0,23,6,-1
stream_0_date_00:07:58_09_21_2019.pcap,1,0,0,23,6,-1
stream_0_date_00:08:28_09_19_2019.pcap,0.05,0,20.36,23,6,1
stream_0_date_00:08:32_09_17_2019.pcap,1,0,0,23,6,-1
stream_0_date_00:09:29_09_19_2019.pcap,0,0.25,9.5,23,6,1
stream_0_date_00:12:01_09_21_2019.pcap,1,0,0,23,6,-1
stream_0_date_00:13:02_09_21_2019.pcap,1,0,0,23,6,-1
stream_0_date_00:14:03_09_21_2019.pcap,1,0,0,23,6,-1
stream_0_date_00:15:04_09_21_2019.pcap,0.06,0,54.09,23,6,1
stream_0_date_00:16:32_09_19_2019.pcap,0.06,0,23.58,23,6,1
stream_0_date_00:17:06_09_21_2019.pcap,0,0.66,0,23,6,-1
stream_0_date_00:17:33_09_19_2019.pcap,0,0.25,9.5,23,6,1
stream_0_date_00:22:12_09_22_2019.pcap,0.1,0.1,3.95,23,6,1
stream_0_date_00:26:09_09_21_2019.pcap,1,0,0,23,6,-1
stream_0_date_00:32:13_09_21_2019.pcap,1,0,0,23,6,-1
stream_0_date_00:41:16_09_21_2019.pcap,1,0,0,23,6,-1
stream_0_date_00:43:18_09_21_2019.pcap,0.12,0,5.75,23,6,1
stream_0_date_00:44:19_09_21_2019.pcap,0,0,193.3,23,6,1
stream_0_date_00:46:20_09_21_2019.pcap,1,0,0,23,6,-1
stream_0_date_00:46:42_09_17_2019.pcap,0.66,0,0,23,6,-1
stream_0_date_00:47:21_09_21_2019.pcap,0.06,0,65.8,23,6,1
stream_0_date_00:48:22_09_21_2019.pcap,1,0,0,23,6,-1
stream_0_date_00:48:48_09_20_2019.pcap,0.66,0,0,23,6,-1
stream_0_date_00:48:53_09_23_2019.pcap,0,0.66,0,23,6,-1
stream_0_date_00:49:23_09_21_2019.pcap,0,0.66,0,23,6,-1
stream_0_date_00:51:24_09_21_2019.pcap,0,0.66,0,23,6,-1
stream_0_date_00:54:26_09_21_2019.pcap,1,0,0,23,6,-1
stream_0_date_00:55:27_09_21_2019.pcap,1,0,0,23,6,-1
stream_0_date_00:57:28_09_21_2019.pcap,0.06,0,65.8,23,6,1
stream_0_date_00:58:29_09_21_2019.pcap,1,0,0,23,6,-1
stream_0_date_00:59:30_09_21_2019.pcap,1,0,0,23,6,-1
stream_0_date_01:00:31_09_21_2019.pcap,1,0,0,23,6,-1
stream_0_date_01:02:32_09_21_2019.pcap,1,0,0,23,6,-1
stream_0_date_01:05:45_09_19_2019.pcap,0.8,0,0,23,6,-1
stream_0_date_01:09:35_09_21_2019.pcap,1,0,0,23,6,-1
stream_0_date_01:10:36_09_21_2019.pcap,1,0,0,23,6,-1
stream_0_date_01:11:25_09_22_2019.pcap,0.09,0.09,3.19,23,6,1
stream_0_date_01:11:37_09_21_2019.pcap,1,0,0,23,6,-1
stream_0_date_01:12:38_09_21_2019.pcap,1,0,0,23,6,-1
stream_0_date_01:13:39_09_21_2019.pcap,1,0,0,23,6,-1
stream_0_date_01:16:41_09_21_2019.pcap,1,0,0,23,6,-1
stream_0_date_01:17:42_09_21_2019.pcap,0.06,0,54.09,23,6,1
stream_0_date_01:19:44_09_21_2019.pcap,0,0.66,0,23,6,-1
stream_0_date_01:20:45_09_21_2019.pcap,0.06,0,54.09,23,6,1
stream_0_date_01:21:46_09_21_2019.pcap,0.06,0,65.8,23,6,1
stream_0_date_01:22:47_09_21_2019.pcap,0,0.66,0,23,6,-1
stream_0_date_01:23:48_09_21_2019.pcap,0,0.66,0,23,6,-1
stream_0_date_01:25:49_09_21_2019.pcap,1,0,0,23,6,-1
stream_0_date_01:26:50_09_21_2019.pcap,1,0,0,23,6,-1
stream_0_date_01:27:51_09_21_2019.pcap,1,0,0,23,6,-1
stream_0_date_01:28:52_09_21_2019.pcap,1,0,0,23,6,-1
stream_0_date_01:29:52_09_19_2019.pcap,0.04,0,18.41,23,6,1
stream_0_date_01:29:53_09_21_2019.pcap,0.06,0,54.09,23,6,1
stream_0_date_01:30:53_09_19_2019.pcap,0,0.2,15.2,23,6,1
stream_0_date_01:32:54_09_19_2019.pcap,0.06,0,22.15,23,6,1
stream_0_date_01:33:55_09_19_2019.pcap,0,0.25,9.5,23,6,1
stream_0_date_01:34:56_09_21_2019.pcap,0.14,0,5.57,23,6,1
stream_0_date_01:35:57_09_21_2019.pcap,0,0,115.41,23,6,1
stream_0_date_01:37:58_09_21_2019.pcap,0,0.66,0,23,6,-1
stream_0_date_01:38:59_09_21_2019.pcap,1,0,0,23,6,-1
stream_0_date_01:40:00_09_21_2019.pcap,0.06,0,65.8,23,6,1
stream_0_date_01:41:01_09_21_2019.pcap,1,0,0,23,6,-1
stream_0_date_01:42:02_09_21_2019.pcap,1,0,0,23,6,-1
stream_0_date_01:43:03_09_21_2019.pcap,1,0,0,23,6,-1
stream_0_date_01:46:05_09_21_2019.pcap,1,0,0,23,6,-1
stream_0_date_01:47:06_09_21_2019.pcap,1,0,0,23,6,-1
stream_0_date_01:54:08_09_21_2019.pcap,1,0,0,23,6,-1
stream_0_date_01:57:02_09_19_2019.pcap,0.05,0,37.02,23,6,1
stream_0_date_01:57:10_09_21_2019.pcap,1,0,0,23,6,-1
stream_0_date_01:58:03_09_19_2019.pcap,0,0.25,9.5,23,6,1
stream_0_date_01:59:12_09_21_2019.pcap,1,0,0,23,6,-1
stream_0_date_02:00:13_09_21_2019.pcap,1,0,0,23,6,-1
stream_0_date_02:01:14_09_21_2019.pcap,1,0,0,23,6,-1
stream_0_date_02:03:05_09_19_2019.pcap,0.05,0,3.54,23,6,1
stream_0_date_02:03:39_09_22_2019.pcap,0.06,0,54.09,23,6,1
stream_0_date_02:04:06_09_19_2019.pcap,0,0.09,11.36,23,6,1
stream_0_date_02:05:40_09_22_2019.pcap,0,0.66,0,23,6,-1
stream_0_date_02:11:17_09_21_2019.pcap,1,0,0,23,6,-1
stream_0_date_02:12:18_09_21_2019.pcap,1,0,0,23,6,-1
stream_0_date_02:13:19_09_21_2019.pcap,1,0,0,23,6,-1
stream_0_date_02:15:15_09_23_2019.pcap,0.75,0,0,23,6,-1
stream_0_date_02:15:20_09_21_2019.pcap,1,0,0,23,6,-1
stream_0_date_02:17:17_09_23_2019.pcap,1,0,0,23,6,-1
stream_0_date_02:25:24_09_21_2019.pcap,1,0,0,23,6,-1
stream_0_date_02:28:27_09_21_2019.pcap,1,0,0,23,6,-1
stream_0_date_02:30:13_09_19_2019.pcap,0.06,0,55.8,23,6,1
stream_0_date_02:30:28_09_21_2019.pcap,1,0,0,23,6,-1
stream_0_date_02:31:14_09_19_2019.pcap,0.05,0,20.61,23,6,1
stream_0_date_02:31:29_09_21_2019.pcap,1,0,0,23,6,-1
stream_0_date_02:32:15_09_19_2019.pcap,0,0.25,9.5,23,6,1
stream_0_date_02:37:18_09_19_2019.pcap,0.05,0,20.36,23,6,1
stream_0_date_02:38:19_09_19_2019.pcap,0,0.25,9.5,23,6,1
stream_0_date_02:43:33_09_21_2019.pcap,1,0,0,23,6,-1
stream_0_date_02:46:36_09_21_2019.pcap,1,0,0,23,6,-1
stream_0_date_02:46:51_09_22_2019.pcap,0.06,0,51.32,23,6,1
stream_0_date_02:47:52_09_22_2019.pcap,0,0.66,0,23,6,-1
stream_0_date_02:48:53_09_22_2019.pcap,0.06,0,51.32,23,6,1
stream_0_date_02:50:55_09_22_2019.pcap,0,0.66,0,23,6,-1
stream_0_date_02:51:56_09_22_2019.pcap,0.06,0.06,49.71,23,6,1
stream_0_date_02:52:57_09_22_2019.pcap,0.06,0,51.32,23,6,1
stream_0_date_02:53:58_09_22_2019.pcap,0,0.66,0,23,6,-1
stream_0_date_02:55:39_09_21_2019.pcap,1,0,0,23,6,-1
stream_0_date_02:57:41_09_21_2019.pcap,1,0,0,23,6,-1
stream_0_date_02:59:43_09_21_2019.pcap,1,0,0,23,6,-1
stream_0_date_03:03:01_09_22_2019.pcap,0.06,0,54.09,23,6,1
stream_0_date_03:05:02_09_22_2019.pcap,0,0.66,0,23,6,-1
stream_0_date_03:07:27_09_19_2019.pcap,1,0,0,23,6,-1
stream_0_date_03:10:48_09_21_2019.pcap,1,0,0,23,6,-1
stream_0_date_03:11:49_09_21_2019.pcap,1,0,0,23,6,-1
stream_0_date_03:16:51_09_21_2019.pcap,1,0,0,23,6,-1
stream_0_date_03:19:05_09_18_2019.pcap,0.85,0,0,23,6,-1
stream_0_date_03:24:32_09_19_2019.pcap,1,0,0,23,6,-1
stream_0_date_03:25:54_09_21_2019.pcap,1,0,0,23,6,-1
stream_0_date_03:26:55_09_21_2019.pcap,1,0,0,23,6,-1
stream_0_date_03:28:33_09_19_2019.pcap,0.1,0.1,3.63,23,6,1
stream_0_date_03:30:58_09_21_2019.pcap,1,0,0,23,6,-1
stream_0_date_03:31:59_09_21_2019.pcap,1,0,0,23,6,-1
stream_0_date_03:33:24_09_17_2019.pcap,0.66,0,0,23,6,-1
stream_0_date_03:34:25_09_17_2019.pcap,0,0.66,0,23,6,-1
stream_0_date_03:40:02_09_21_2019.pcap,1,0,0,23,6,-1
stream_0_date_03:41:03_09_21_2019.pcap,1,0,0,23,6,-1
stream_0_date_03:42:04_09_21_2019.pcap,1,0,0,23,6,-1
stream_0_date_03:43:05_09_21_2019.pcap,1,0,0,23,6,-1
stream_0_date_03:44:06_09_21_2019.pcap,1,0,0,23,6,-1
stream_0_date_03:48:14_09_22_2019.pcap,0.66,0,0,23,6,-1
stream_0_date_03:58:11_09_21_2019.pcap,1,0,0,23,6,-1
stream_0_date_03:59:12_09_21_2019.pcap,1,0,0,23,6,-1
stream_0_date_04:02:14_09_21_2019.pcap,1,0,0,23,6,-1
stream_0_date_04:06:15_09_21_2019.pcap,0.05,0,88.08,23,6,1
stream_0_date_04:08:17_09_21_2019.pcap,0,0.66,0,23,6,-1
stream_0_date_04:13:21_09_22_2019.pcap,0.06,0,55.9,23,6,1
stream_0_date_04:15:22_09_22_2019.pcap,0,0.66,0,23,6,-1
stream_0_date_04:18:20_09_21_2019.pcap,1,0,0,23,6,-1
stream_0_date_04:20:22_09_21_2019.pcap,1,0,0,23,6,-1
stream_0_date_04:20:47_09_19_2019.pcap,0.11,0,4.66,23,6,1
stream_0_date_04:21:23_09_21_2019.pcap,1,0,0,23,6,-1
stream_0_date_04:21:48_09_19_2019.pcap,0,0.05,36.26,23,6,1
stream_0_date_04:22:51_09_23_2019.pcap,0.06,0,65.8,23,6,1
stream_0_date_04:23:25_09_21_2019.pcap,1,0,0,23,6,-1
stream_0_date_04:24:26_09_21_2019.pcap,1,0,0,23,6,-1
stream_0_date_04:24:52_09_23_2019.pcap,1,0,0,23,6,-1
stream_0_date_04:27:26_09_22_2019.pcap,0.5,0,0,23,6,-1
stream_0_date_04:28:51_09_19_2019.pcap,0.06,0,23.15,23,6,1
stream_0_date_04:28:54_09_23_2019.pcap,0.16,0.16,3.91,23,6,1
stream_0_date_04:29:52_09_19_2019.pcap,0,0.25,9.5,23,6,1
stream_0_date_04:30:53_09_19_2019.pcap,0.05,0,41.62,23,6,1
stream_0_date_04:32:29_09_21_2019.pcap,1,0,0,23,6,-1
stream_0_date_04:32:54_09_19_2019.pcap,0,0.66,0,23,6,-1
stream_0_date_04:33:30_09_21_2019.pcap,1,0,0,23,6,-1
stream_0_date_04:34:31_09_21_2019.pcap,1,0,0,23,6,-1
stream_0_date_04:35:32_09_21_2019.pcap,1,0,0,23,6,-1
stream_0_date_04:36:33_09_21_2019.pcap,1,0,0,23,6,-1
stream_0_date_04:36:41_09_17_2019.pcap,0.4,0,2.4,23,6,1
stream_0_date_04:37:34_09_21_2019.pcap,1,0,0,23,6,-1
stream_0_date_04:39:29_09_22_2019.pcap,0.06,0,52.4,23,6,1
stream_0_date_04:40:57_09_19_2019.pcap,0.05,0,21.73,23,6,1
stream_0_date_04:41:31_09_22_2019.pcap,0,0.66,0,23,6,-1
stream_0_date_04:41:58_09_19_2019.pcap,0,0.25,9.5,23,6,1
stream_0_date_04:46:59_09_23_2019.pcap,1,0,0,23,6,-1
stream_0_date_04:47:00_09_19_2019.pcap,0.66,0,0,23,6,-1
stream_0_date_04:47:37_09_21_2019.pcap,1,0,0,23,6,-1
stream_0_date_04:48:01_09_19_2019.pcap,0,0.5,8.75,23,6,1
stream_0_date_04:50:02_09_19_2019.pcap,0,0.66,0,23,6,-1
stream_0_date_04:50:39_09_21_2019.pcap,1,0,0,23,6,-1
stream_0_date_04:52:03_09_19_2019.pcap,0.05,0,44.83,23,6,1
stream_0_date_04:52:35_09_22_2019.pcap,0.06,0,54.09,23,6,1
stream_0_date_04:52:41_09_21_2019.pcap,1,0,0,23,6,-1
stream_0_date_04:53:04_09_19_2019.pcap,0.04,0,88.61,23,6,1
stream_0_date_04:54:05_09_19_2019.pcap,0,0.77,0,23,6,-1
stream_0_date_04:54:36_09_22_2019.pcap,0,0.66,0,23,6,-1
stream_0_date_04:54:43_09_21_2019.pcap,1,0,0,23,6,-1
stream_0_date_04:55:06_09_19_2019.pcap,0,0.69,0,23,6,-1
stream_0_date_04:56:07_09_19_2019.pcap,0,0.66,0,23,6,-1
stream_0_date_04:56:31_09_18_2019.pcap,0.66,0,0,23,6,-1
stream_0_date_04:57:08_09_19_2019.pcap,0,0.07,26.64,23,6,1
stream_0_date_04:58:09_09_19_2019.pcap,0.11,0,20.36,23,6,1
stream_0_date_04:59:10_09_19_2019.pcap,0,0.33,12.66,23,6,1
stream_0_date_05:04:47_09_21_2019.pcap,1,0,0,23,6,-1
stream_0_date_05:05:48_09_21_2019.pcap,1,0,0,23,6,-1
stream_0_date_05:12:55_09_20_2019.pcap,0.6,0,0,23,6,-1
stream_0_date_05:24:54_09_17_2019.pcap,0.06,0,68.31,23,6,1
stream_0_date_05:25:55_09_17_2019.pcap,0.06,0,63.9,23,6,1
stream_0_date_05:25:56_09_21_2019.pcap,1,0,0,23,6,-1
stream_0_date_05:26:56_09_17_2019.pcap,0,0.66,0,23,6,-1
stream_0_date_05:26:57_09_21_2019.pcap,1,0,0,23,6,-1
stream_0_date_05:27:57_09_17_2019.pcap,0,0.66,0,23,6,-1
stream_0_date_05:29:45_09_22_2019.pcap,0.06,0,54.09,23,6,1
stream_0_date_05:31:47_09_22_2019.pcap,0,0.66,0,23,6,-1
stream_0_date_05:43:05_09_21_2019.pcap,1,0,0,23,6,-1
stream_0_date_05:44:02_09_17_2019.pcap,0.06,0,63.9,23,6,1
stream_0_date_05:45:03_09_17_2019.pcap,0,0,189.3,23,6,1
stream_0_date_05:46:03_09_17_2019.pcap,0,0.66,0,23,6,-1
stream_0_date_05:47:04_09_17_2019.pcap,0,0.66,0,23,6,-1
stream_0_date_05:49:08_09_21_2019.pcap,1,0,0,23,6,-1
stream_0_date_05:52:11_09_21_2019.pcap,1,0,0,23,6,-1
stream_0_date_05:54:53_09_22_2019.pcap,0.66,0,0,23,6,-1
stream_0_date_05:56:12_09_21_2019.pcap,1,0,0,23,6,-1
stream_0_date_05:57:13_09_21_2019.pcap,1,0,0,23,6,-1
stream_0_date_06:04:09_09_17_2019.pcap,0.22,0.11,9.77,23,6,1
stream_0_date_06:04:16_09_21_2019.pcap,1,0,0,23,6,-1
stream_0_date_06:06:17_09_21_2019.pcap,1,0,0,23,6,-1
stream_0_date_06:08:18_09_21_2019.pcap,1,0,0,23,6,-1
stream_0_date_06:11:10_09_20_2019.pcap,1,0,0,23,6,-1
stream_0_date_06:11:21_09_21_2019.pcap,1,0,0,23,6,-1
stream_0_date_06:12:22_09_21_2019.pcap,1,0,0,23,6,-1
stream_0_date_06:13:59_09_22_2019.pcap,0.06,0,52.4,23,6,1
stream_0_date_06:15:12_09_20_2019.pcap,0.16,0.16,3.91,23,6,1
stream_0_date_06:16:00_09_22_2019.pcap,0,0.66,0,23,6,-1
stream_0_date_06:19:53_09_18_2019.pcap,0.75,0,0,23,6,-1
stream_0_date_06:20:24_09_21_2019.pcap,1,0,0,23,6,-1
stream_0_date_06:21:25_09_21_2019.pcap,1,0,0,23,6,-1
stream_0_date_06:22:26_09_21_2019.pcap,1,0,0,23,6,-1
stream_0_date_06:24:28_09_21_2019.pcap,1,0,0,23,6,-1
stream_0_date_06:26:29_09_21_2019.pcap,1,0,0,23,6,-1
stream_0_date_06:27:30_09_21_2019.pcap,1,0,0,23,6,-1
stream_0_date_06:35:33_09_21_2019.pcap,1,0,0,23,6,-1
stream_0_date_06:36:34_09_21_2019.pcap,1,0,0,23,6,-1
stream_0_date_06:37:35_09_21_2019.pcap,1,0,0,23,6,-1
stream_0_date_06:38:36_09_21_2019.pcap,1,0,0,23,6,-1
stream_0_date_06:39:37_09_21_2019.pcap,1,0,0,23,6,-1
stream_0_date_06:42:38_09_21_2019.pcap,1,0,0,23,6,-1
stream_0_date_06:46:40_09_19_2019.pcap,0.06,0,22.15,23,6,1
stream_0_date_06:47:41_09_19_2019.pcap,0,0.25,9.5,23,6,1
stream_0_date_06:52:41_09_21_2019.pcap,1,0,0,23,6,-1
stream_0_date_06:53:42_09_21_2019.pcap,1,0,0,23,6,-1
stream_0_date_07:00:45_09_19_2019.pcap,0.05,0,20.36,23,6,1
stream_0_date_07:01:46_09_19_2019.pcap,0,0.25,9.5,23,6,1
stream_0_date_07:03:47_09_19_2019.pcap,0,0.66,0,23,6,-1
stream_0_date_07:04:13_09_22_2019.pcap,0.09,0.09,3.19,23,6,1
stream_0_date_07:07:48_09_21_2019.pcap,1,0,0,23,6,-1
stream_0_date_07:08:27_09_20_2019.pcap,1,0,0,23,6,-1
stream_0_date_07:08:49_09_21_2019.pcap,1,0,0,23,6,-1
stream_0_date_07:10:50_09_21_2019.pcap,1,0,0,23,6,-1
stream_0_date_07:11:51_09_21_2019.pcap,1,0,0,23,6,-1
stream_0_date_07:12:52_09_21_2019.pcap,1,0,0,23,6,-1
stream_0_date_07:13:53_09_21_2019.pcap,1,0,0,23,6,-1
stream_0_date_07:14:17_09_22_2019.pcap,0.06,0,52.9,23,6,1
stream_0_date_07:16:18_09_22_2019.pcap,0,0.66,0,23,6,-1
stream_0_date_07:16:51_09_19_2019.pcap,0.09,0,4.04,23,6,1
stream_0_date_07:16:55_09_21_2019.pcap,0.06,0,63.75,23,6,1
stream_0_date_07:17:52_09_19_2019.pcap,0,0.05,36.26,23,6,1
stream_0_date_07:18:56_09_21_2019.pcap,0,0.66,0,23,6,-1
stream_0_date_07:20:57_09_21_2019.pcap,0.06,0,70.34,23,6,1
stream_0_date_07:22:59_09_21_2019.pcap,0,0.66,0,23,6,-1
stream_0_date_07:23:54_09_19_2019.pcap,0.1,0,20.05,23,6,1
stream_0_date_07:24:55_09_19_2019.pcap,0,0.33,12.66,23,6,1
stream_0_date_07:25:56_09_19_2019.pcap,0,0.33,12.66,23,6,1
stream_0_date_07:26:02_09_21_2019.pcap,1,0,0,23,6,-1
stream_0_date_07:28:04_09_21_2019.pcap,1,0,0,23,6,-1
stream_0_date_07:30:05_09_21_2019.pcap,0.06,0,65.8,23,6,1
stream_0_date_07:31:06_09_21_2019.pcap,0.05,0,49.32,23,6,1
stream_0_date_07:32:07_09_21_2019.pcap,0,0.66,0,23,6,-1
stream_0_date_07:33:08_09_21_2019.pcap,0,0.66,0,23,6,-1
stream_0_date_07:33:42_09_23_2019.pcap,1,0,0,23,6,-1
stream_0_date_07:35:09_09_21_2019.pcap,0.06,0,54.09,23,6,1
stream_0_date_07:36:10_09_21_2019.pcap,0.66,0,0,23,6,-1
stream_0_date_07:37:11_09_21_2019.pcap,0,0.66,0,23,6,-1
stream_0_date_07:38:00_09_19_2019.pcap,1,0,0,23,6,-1
stream_0_date_07:38:12_09_21_2019.pcap,0,0,43,23,6,1
stream_0_date_07:40:13_09_21_2019.pcap,0,0.66,0,23,6,-1
stream_0_date_07:41:14_09_21_2019.pcap,1,0,0,23,6,-1
stream_0_date_07:42:15_09_21_2019.pcap,0.06,0,65.8,23,6,1
stream_0_date_07:43:16_09_21_2019.pcap,1,0,0,23,6,-1
stream_0_date_07:44:17_09_21_2019.pcap,0,0.66,0,23,6,-1
stream_0_date_07:49:27_09_22_2019.pcap,0.22,0.11,9.77,23,6,1
stream_0_date_07:50:20_09_21_2019.pcap,1,0,0,23,6,-1
stream_0_date_07:52:21_09_21_2019.pcap,1,0,0,23,6,-1
stream_0_date_07:53:22_09_21_2019.pcap,1,0,0,23,6,-1
stream_0_date_07:54:23_09_21_2019.pcap,1,0,0,23,6,-1
stream_0_date_07:55:24_09_21_2019.pcap,1,0,0,23,6,-1
stream_0_date_07:57:25_09_21_2019.pcap,1,0,0,23,6,-1
stream_0_date_07:57:40_09_20_2019.pcap,1,0,0,23,6,-1
stream_0_date_07:58:26_09_21_2019.pcap,1,0,0,23,6,-1
stream_0_date_07:58:30_09_22_2019.pcap,0.06,0,54.09,23,6,1
stream_0_date_07:58:41_09_20_2019.pcap,1,0,0,23,6,-1
stream_0_date_07:59:42_09_20_2019.pcap,1,0,0,23,6,-1
stream_0_date_08:00:27_09_21_2019.pcap,0,0.66,0,23,6,-1
stream_0_date_08:00:31_09_22_2019.pcap,0,0.66,0,23,6,-1
stream_0_date_08:05:29_09_21_2019.pcap,1,0,0,23,6,-1
stream_0_date_08:06:30_09_21_2019.pcap,1,0,0,23,6,-1
stream_0_date_08:07:40_09_17_2019.pcap,1,0,0,23,6,-1
stream_0_date_08:08:32_09_21_2019.pcap,1,0,0,23,6,-1
stream_0_date_08:09:33_09_21_2019.pcap,1,0,0,23,6,-1
stream_0_date_08:10:34_09_21_2019.pcap,1,0,0,23,6,-1
stream_0_date_08:12:36_09_21_2019.pcap,1,0,0,23,6,-1
stream_0_date_08:20:38_09_21_2019.pcap,1,0,0,23,6,-1
stream_0_date_08:21:39_09_21_2019.pcap,1,0,0,23,6,-1
stream_0_date_08:25:41_09_21_2019.pcap,1,0,0,23,6,-1
stream_0_date_08:26:14_09_19_2019.pcap,0.07,0,3.85,23,6,1
stream_0_date_08:26:42_09_21_2019.pcap,1,0,0,23,6,-1
stream_0_date_08:27:15_09_19_2019.pcap,0,0,256.16,23,6,1
stream_0_date_08:27:43_09_21_2019.pcap,1,0,0,23,6,-1
stream_0_date_08:28:44_09_21_2019.pcap,1,0,0,23,6,-1
stream_0_date_08:29:16_09_19_2019.pcap,0,0.66,0,23,6,-1
stream_0_date_08:31:17_09_19_2019.pcap,0,0.66,0,23,6,-1
stream_0_date_08:35:41_09_22_2019.pcap,0.16,0,52.9,23,6,1
stream_0_date_08:37:42_09_22_2019.pcap,0,0.66,0,23,6,-1
stream_0_date_08:38:47_09_21_2019.pcap,1,0,0,23,6,-1
stream_0_date_08:39:20_09_19_2019.pcap,0.05,0,20.47,23,6,1
stream_0_date_08:40:21_09_19_2019.pcap,0,0.25,9.5,23,6,1
stream_0_date_08:40:49_09_21_2019.pcap,1,0,0,23,6,-1
stream_0_date_08:42:51_09_21_2019.pcap,1,0,0,23,6,-1
stream_0_date_08:44:45_09_22_2019.pcap,0.06,0,54.09,23,6,1
stream_0_date_08:46:46_09_22_2019.pcap,0,0.66,0,23,6,-1
stream_0_date_08:48:24_09_19_2019.pcap,0.05,0,117.45,23,6,1
stream_0_date_08:50:25_09_19_2019.pcap,0,0.66,0,23,6,-1
stream_0_date_08:50:54_09_21_2019.pcap,1,0,0,23,6,-1
stream_0_date_08:51:26_09_19_2019.pcap,0.12,0,50.21,23,6,1
stream_0_date_08:51:55_09_21_2019.pcap,1,0,0,23,6,-1
stream_0_date_08:53:27_09_19_2019.pcap,0.08,0,3.96,23,6,1
stream_0_date_08:54:28_09_19_2019.pcap,0,0,155.1,23,6,1
stream_0_date_08:54:58_09_21_2019.pcap,1,0,0,23,6,-1
stream_0_date_08:56:30_09_19_2019.pcap,0,0.66,0,23,6,-1
stream_0_date_09:01:05_09_23_2019.pcap,0.28,0,5,23,6,1
stream_0_date_09:02:06_09_23_2019.pcap,0,0,0,23,6,-1
stream_0_date_09:06:33_09_19_2019.pcap,1,0,0,23,6,-1
stream_0_date_09:07:04_09_21_2019.pcap,1,0,0,23,6,-1
stream_0_date_09:08:05_09_21_2019.pcap,1,0,0,23,6,-1
stream_0_date_09:08:35_09_19_2019.pcap,0,0.25,9.5,23,6,1
stream_0_date_09:08:52_09_22_2019.pcap,0.11,0.47,17.82,23,6,1
stream_0_date_09:09:09_09_23_2019.pcap,0.06,0,64.43,23,6,1
stream_0_date_09:09:36_09_19_2019.pcap,0.66,0,0,23,6,-1
stream_0_date_09:10:06_09_21_2019.pcap,1,0,0,23,6,-1
stream_0_date_09:10:37_09_19_2019.pcap,0.18,0.18,6.36,23,6,1
stream_0_date_09:11:07_09_21_2019.pcap,1,0,0,23,6,-1
stream_0_date_09:11:10_09_23_2019.pcap,0,0.66,0,23,6,-1
stream_0_date_09:11:38_09_19_2019.pcap,0.17,0,43.2,23,6,1
stream_0_date_09:13:39_09_19_2019.pcap,0,0.66,0,23,6,-1
stream_0_date_09:15:40_09_19_2019.pcap,0.12,0,48.63,23,6,1
stream_0_date_09:17:42_09_19_2019.pcap,0,0.66,0,23,6,-1
stream_0_date_09:19:03_09_20_2019.pcap,0,0.75,0,23,6,-1
stream_0_date_09:19:11_09_21_2019.pcap,1,0,0,23,6,-1
stream_0_date_09:20:04_09_20_2019.pcap,0,0.66,0,23,6,-1
stream_0_date_09:20:12_09_21_2019.pcap,1,0,0,23,6,-1
stream_0_date_09:21:05_09_20_2019.pcap,0,0.66,0,23,6,-1
stream_0_date_09:22:43_09_19_2019.pcap,0.13,0,23.06,23,6,1
stream_0_date_09:23:44_09_19_2019.pcap,0,0.25,14.12,23,6,1
stream_0_date_09:24:14_09_21_2019.pcap,1,0,0,23,6,-1
stream_0_date_09:24:45_09_19_2019.pcap,0.1,0,19.52,23,6,1
stream_0_date_09:25:15_09_21_2019.pcap,1,0,0,23,6,-1
stream_0_date_09:25:46_09_19_2019.pcap,0,0.33,12.66,23,6,1
stream_0_date_09:27:01_09_17_2019.pcap,0.06,0,51.19,23,6,1
stream_0_date_09:27:48_09_19_2019.pcap,0.11,0,48.05,23,6,1
stream_0_date_09:29:02_09_17_2019.pcap,0,0.66,0,23,6,-1
stream_0_date_09:29:49_09_19_2019.pcap,0.1,0,19.36,23,6,1
stream_0_date_09:30:09_09_20_2019.pcap,0.06,0,65.8,23,6,1
stream_0_date_09:30:50_09_19_2019.pcap,0,0.33,12.66,23,6,1
stream_0_date_09:32:10_09_20_2019.pcap,0,0.66,0,23,6,-1
stream_0_date_09:32:42_09_18_2019.pcap,1,0,0,23,6,-1
stream_0_date_09:33:18_09_21_2019.pcap,0.06,0,52.4,23,6,1
stream_0_date_09:35:00_09_22_2019.pcap,0,0.66,0,23,6,-1
stream_0_date_09:35:11_09_20_2019.pcap,0.05,0,47.3,23,6,1
stream_0_date_09:35:20_09_21_2019.pcap,0,0.66,0,23,6,-1
stream_0_date_09:36:21_09_21_2019.pcap,1,0,0,23,6,-1
stream_0_date_09:37:13_09_20_2019.pcap,0,0.66,0,23,6,-1
stream_0_date_09:38:23_09_21_2019.pcap,1,0,0,23,6,-1
stream_0_date_09:39:14_09_20_2019.pcap,0.06,0,65.8,23,6,1
stream_0_date_09:39:24_09_21_2019.pcap,0.05,0,58.91,23,6,1
stream_0_date_09:40:25_09_21_2019.pcap,1,0,0,23,6,-1
stream_0_date_09:41:15_09_20_2019.pcap,0,0.66,0,23,6,-1
stream_0_date_09:41:18_09_23_2019.pcap,0.06,0,6.3,23,6,1
stream_0_date_09:41:26_09_21_2019.pcap,0.06,0,68,23,6,1
stream_0_date_09:42:19_09_23_2019.pcap,0,0.5,0,23,6,-1
stream_0_date_09:43:27_09_21_2019.pcap,0,0.66,0,23,6,-1
stream_0_date_09:46:29_09_21_2019.pcap,1,0,0,23,6,-1
stream_0_date_09:48:31_09_21_2019.pcap,1,0,0,23,6,-1
stream_0_date_09:49:32_09_21_2019.pcap,1,0,0,23,6,-1
stream_0_date_09:50:33_09_21_2019.pcap,1,0,0,23,6,-1
stream_0_date_09:52:34_09_21_2019.pcap,1,0,0,23,6,-1
stream_0_date_09:53:19_09_20_2019.pcap,1,0,0,23,6,-1
stream_0_date_09:54:20_09_20_2019.pcap,1,0,0,23,6,-1
stream_0_date_09:55:21_09_20_2019.pcap,1,0,0,23,6,-1
stream_0_date_09:56:22_09_20_2019.pcap,1,0,0,23,6,-1
stream_0_date_09:57:23_09_20_2019.pcap,1,0,0,23,6,-1
stream_0_date_10:01:37_09_21_2019.pcap,0.06,0,70.34,23,6,1
stream_0_date_10:02:38_09_21_2019.pcap,1,0,0,23,6,-1
stream_0_date_10:03:39_09_21_2019.pcap,0,0.66,0,23,6,-1
stream_0_date_10:04:09_09_22_2019.pcap,0.66,0,0,23,6,-1
stream_0_date_10:04:40_09_21_2019.pcap,1,0,0,23,6,-1
stream_0_date_10:05:41_09_21_2019.pcap,1,0,0,23,6,-1
stream_0_date_10:06:42_09_21_2019.pcap,1,0,0,23,6,-1
stream_0_date_10:07:10_09_22_2019.pcap,0.07,0,27.28,23,6,1
stream_0_date_10:07:43_09_21_2019.pcap,1,0,0,23,6,-1
stream_0_date_10:09:44_09_21_2019.pcap,1,0,0,23,6,-1
stream_0_date_10:10:12_09_22_2019.pcap,0,0.66,0,23,6,-1
stream_0_date_10:10:29_09_20_2019.pcap,1,0,0,23,6,-1
stream_0_date_10:12:30_09_20_2019.pcap,0.28,0,53.68,23,6,1
stream_0_date_10:13:31_09_20_2019.pcap,0,0.9,0,23,6,-1
stream_0_date_10:15:47_09_21_2019.pcap,1,0,0,23,6,-1
stream_0_date_10:16:33_09_20_2019.pcap,1,0,0,23,6,-1
stream_0_date_10:17:49_09_21_2019.pcap,1,0,0,23,6,-1
stream_0_date_10:18:35_09_20_2019.pcap,1,0,0,23,6,-1
stream_0_date_10:18:50_09_21_2019.pcap,1,0,0,23,6,-1
stream_0_date_10:19:03_09_19_2019.pcap,0.25,0,16.25,23,6,1
stream_0_date_10:19:51_09_21_2019.pcap,1,0,0,23,6,-1
stream_0_date_10:20:52_09_21_2019.pcap,1,0,0,23,6,-1
stream_0_date_10:21:37_09_20_2019.pcap,1,0,0,23,6,-1
stream_0_date_10:21:53_09_21_2019.pcap,1,0,0,23,6,-1
stream_0_date_10:22:38_09_20_2019.pcap,1,0,0,23,6,-1
stream_0_date_10:26:16_09_22_2019.pcap,0.06,0,70.34,23,6,1
stream_0_date_10:28:18_09_22_2019.pcap,0,0.66,0,23,6,-1
stream_0_date_10:29:19_09_22_2019.pcap,0.06,0,65.8,23,6,1
stream_0_date_10:30:20_09_22_2019.pcap,0.06,0,70.34,23,6,1
stream_0_date_10:30:41_09_20_2019.pcap,0.66,0,0,23,6,-1
stream_0_date_10:30:56_09_21_2019.pcap,1,0,0,23,6,-1
stream_0_date_10:31:21_09_22_2019.pcap,0.06,0,65.8,23,6,1
stream_0_date_10:31:42_09_20_2019.pcap,1,0,0,23,6,-1
stream_0_date_10:31:57_09_21_2019.pcap,1,0,0,23,6,-1
stream_0_date_10:32:22_09_22_2019.pcap,0,0.66,0,23,6,-1
stream_0_date_10:32:58_09_21_2019.pcap,1,0,0,23,6,-1
stream_0_date_10:33:23_09_22_2019.pcap,0,0.66,0,23,6,-1
stream_0_date_10:33:43_09_20_2019.pcap,1,0,0,23,6,-1
stream_0_date_10:34:24_09_22_2019.pcap,0.06,0,65.8,23,6,1
stream_0_date_10:34:44_09_20_2019.pcap,0.21,0,44.39,23,6,1
stream_0_date_10:34:59_09_21_2019.pcap,1,0,0,23,6,-1
stream_0_date_10:36:25_09_22_2019.pcap,0,0.66,0,23,6,-1
stream_0_date_10:36:45_09_20_2019.pcap,0,0.71,0,23,6,-1
stream_0_date_10:37:01_09_21_2019.pcap,1,0,0,23,6,-1
stream_0_date_10:37:46_09_20_2019.pcap,0,0.71,0,23,6,-1
stream_0_date_10:38:02_09_21_2019.pcap,1,0,0,23,6,-1
stream_0_date_10:38:47_09_20_2019.pcap,1,0,0,23,6,-1
stream_0_date_10:42:27_09_22_2019.pcap,0.05,0,48.65,23,6,1
stream_0_date_10:44:28_09_22_2019.pcap,0,0.66,0,23,6,-1
stream_0_date_10:46:05_09_21_2019.pcap,1,0,0,23,6,-1
stream_0_date_10:46:30_09_22_2019.pcap,0.06,0,54.09,23,6,1
stream_0_date_10:46:50_09_20_2019.pcap,1,0,0,23,6,-1
stream_0_date_10:47:51_09_20_2019.pcap,1,0,0,23,6,-1
stream_0_date_10:48:31_09_22_2019.pcap,0,0.66,0,23,6,-1
stream_0_date_10:48:52_09_20_2019.pcap,1,0,0,23,6,-1
stream_0_date_10:49:53_09_20_2019.pcap,1,0,0,23,6,-1
stream_0_date_10:50:54_09_20_2019.pcap,1,0,0,23,6,-1
stream_0_date_10:52:09_09_21_2019.pcap,1,0,0,23,6,-1
stream_0_date_10:52:55_09_20_2019.pcap,1,0,0,23,6,-1
stream_0_date_10:53:56_09_20_2019.pcap,1,0,0,23,6,-1
stream_0_date_10:54:33_09_22_2019.pcap,0.06,0,55.9,23,6,1
stream_0_date_10:56:34_09_22_2019.pcap,0,0.66,0,23,6,-1
stream_0_date_11:00:12_09_21_2019.pcap,1,0,0,23,6,-1
stream_0_date_11:01:13_09_21_2019.pcap,1,0,0,23,6,-1
stream_0_date_11:01:59_09_20_2019.pcap,0.06,0,65.8,23,6,1
stream_0_date_11:04:00_09_20_2019.pcap,0,0.66,0,23,6,-1
stream_0_date_11:05:01_09_20_2019.pcap,0.06,0,70.34,23,6,1
stream_0_date_11:05:15_09_21_2019.pcap,1,0,0,23,6,-1
stream_0_date_11:05:41_09_23_2019.pcap,0.87,0,0,23,6,-1
stream_0_date_11:06:16_09_21_2019.pcap,1,0,0,23,6,-1
stream_0_date_11:08:03_09_20_2019.pcap,0,0.7,0,23,6,-1
stream_0_date_11:08:38_09_22_2019.pcap,0.06,0,54.09,23,6,1
stream_0_date_11:10:16_09_19_2019.pcap,0.4,0,14,23,6,1
stream_0_date_11:10:39_09_22_2019.pcap,0,0.66,0,23,6,-1
stream_0_date_11:11:05_09_20_2019.pcap,1,0,0,23,6,-1
stream_0_date_11:11:17_09_19_2019.pcap,0,0,89.62,23,6,1
stream_0_date_11:12:18_09_19_2019.pcap,0.04,0,36.55,23,6,1
stream_0_date_11:12:41_09_22_2019.pcap,0,0.66,0,23,6,-1
stream_0_date_11:13:19_09_19_2019.pcap,0.05,0,56.13,23,6,1
stream_0_date_11:14:20_09_19_2019.pcap,0,0.66,0,23,6,-1
stream_0_date_11:15:21_09_19_2019.pcap,0,0.66,0,23,6,-1
stream_0_date_11:16:42_09_22_2019.pcap,0.06,0,54.09,23,6,1
stream_0_date_11:18:20_09_21_2019.pcap,1,0,0,23,6,-1
stream_0_date_11:18:44_09_22_2019.pcap,0,0.66,0,23,6,-1
stream_0_date_11:19:08_09_20_2019.pcap,0.06,0,70.34,23,6,1
stream_0_date_11:19:21_09_21_2019.pcap,1,0,0,23,6,-1
stream_0_date_11:21:09_09_20_2019.pcap,0,0.66,0,23,6,-1
stream_0_date_11:22:23_09_21_2019.pcap,1,0,0,23,6,-1
stream_0_date_11:23:24_09_21_2019.pcap,1,0,0,23,6,-1
stream_0_date_11:24:25_09_21_2019.pcap,1,0,0,23,6,-1
stream_0_date_11:28:47_09_22_2019.pcap,0.06,0,65.8,23,6,1
stream_0_date_11:30:48_09_22_2019.pcap,0,0.66,0,23,6,-1
stream_0_date_11:33:14_09_18_2019.pcap,0,0.66,0,23,6,-1
stream_0_date_11:33:50_09_22_2019.pcap,0.06,0,70.34,23,6,1
stream_0_date_11:34:28_09_21_2019.pcap,1,0,0,23,6,-1
stream_0_date_11:35:51_09_22_2019.pcap,0,0.66,0,23,6,-1
stream_0_date_11:36:30_09_21_2019.pcap,1,0,0,23,6,-1
stream_0_date_11:39:32_09_21_2019.pcap,1,0,0,23,6,-1
stream_0_date_11:39:35_09_17_2019.pcap,0.66,0,0,23,6,-1
stream_0_date_11:41:34_09_21_2019.pcap,1,0,0,23,6,-1
stream_0_date_11:50:37_09_21_2019.pcap,1,0,0,23,6,-1
stream_0_date_11:52:39_09_21_2019.pcap,0.25,0,4.37,23,6,1
stream_0_date_11:56:42_09_21_2019.pcap,1,0,0,23,6,-1
stream_0_date_11:57:43_09_21_2019.pcap,1,0,0,23,6,-1
stream_0_date_12:03:21_09_20_2019.pcap,0.06,0,51.19,23,6,1
stream_0_date_12:04:45_09_21_2019.pcap,1,0,0,23,6,-1
stream_0_date_12:05:22_09_20_2019.pcap,0,0.66,0,23,6,-1
stream_0_date_12:05:34_09_19_2019.pcap,0.06,0,48.75,23,6,1
stream_0_date_12:05:46_09_21_2019.pcap,1,0,0,23,6,-1
stream_0_date_12:06:35_09_19_2019.pcap,0,0.66,0,23,6,-1
stream_0_date_12:07:23_09_20_2019.pcap,1,0,0,23,6,-1
stream_0_date_12:07:36_09_19_2019.pcap,1,0,0,23,6,-1
stream_0_date_12:07:48_09_21_2019.pcap,1,0,0,23,6,-1
stream_0_date_12:08:37_09_19_2019.pcap,0,0.66,0,23,6,-1
stream_0_date_12:09:49_09_21_2019.pcap,1,0,0,23,6,-1
stream_0_date_12:10:50_09_21_2019.pcap,1,0,0,23,6,-1
stream_0_date_12:20:53_09_21_2019.pcap,1,0,0,23,6,-1
stream_0_date_12:21:47_09_17_2019.pcap,0.14,0,57.92,23,6,1
stream_0_date_12:21:54_09_21_2019.pcap,1,0,0,23,6,-1
stream_0_date_12:22:55_09_21_2019.pcap,1,0,0,23,6,-1
stream_0_date_12:23:48_09_17_2019.pcap,0,0.66,0,23,6,-1
stream_0_date_12:23:56_09_21_2019.pcap,1,0,0,23,6,-1
stream_0_date_12:27:58_09_21_2019.pcap,1,0,0,23,6,-1
stream_0_date_12:34:45_09_19_2019.pcap,0.09,0.04,40.51,23,6,1
stream_0_date_12:36:46_09_19_2019.pcap,0.06,0.06,3.44,23,6,1
stream_0_date_12:38:47_09_19_2019.pcap,0,0.66,0,23,6,-1
stream_0_date_12:39:48_09_19_2019.pcap,0,0,229.93,23,6,1
stream_0_date_12:41:49_09_19_2019.pcap,0,0.66,0,23,6,-1
stream_0_date_12:51:53_09_19_2019.pcap,0.06,0,22.15,23,6,1
stream_0_date_12:52:05_09_21_2019.pcap,0.85,0,0,23,6,-1
stream_0_date_12:52:54_09_19_2019.pcap,0,0.25,9.5,23,6,1
stream_0_date_12:56:06_09_21_2019.pcap,1,0,0,23,6,-1
stream_0_date_12:57:07_09_21_2019.pcap,1,0,0,23,6,-1
stream_0_date_13:03:10_09_21_2019.pcap,1,0,0,23,6,-1
stream_0_date_13:04:57_09_19_2019.pcap,0.14,0,5.42,23,6,1
stream_0_date_13:05:58_09_19_2019.pcap,0,0.11,90.05,23,6,1
stream_0_date_13:08:00_09_19_2019.pcap,0,0.66,0,23,6,-1
stream_0_date_13:11:16_09_22_2019.pcap,0.06,0,65.8,23,6,1
stream_0_date_13:12:01_09_19_2019.pcap,0.06,0,50.46,23,6,1
stream_0_date_13:13:17_09_22_2019.pcap,0,0.66,0,23,6,-1
stream_0_date_13:14:03_09_19_2019.pcap,0,0.66,0,23,6,-1
stream_0_date_13:19:19_09_22_2019.pcap,0.09,0,5.09,23,6,1
stream_0_date_13:20:20_09_22_2019.pcap,0,0,193.3,23,6,1
stream_0_date_13:21:05_09_19_2019.pcap,0.12,0,48.09,23,6,1
stream_0_date_13:22:21_09_22_2019.pcap,0,0.66,0,23,6,-1
stream_0_date_13:22:43_09_20_2019.pcap,1,0,0,23,6,-1
stream_0_date_13:23:06_09_19_2019.pcap,0,0.66,0,23,6,-1
stream_0_date_13:26:43_09_18_2019.pcap,1,0,0,23,6,-1
stream_0_date_13:30:24_09_22_2019.pcap,0.06,0,65.8,23,6,1
stream_0_date_13:31:25_09_22_2019.pcap,0,0,94.88,23,6,1
stream_0_date_13:32:18_09_21_2019.pcap,0.16,0.16,3.91,23,6,1
stream_0_date_13:32:26_09_22_2019.pcap,0,0.66,0,23,6,-1
stream_0_date_13:32:48_09_20_2019.pcap,0.06,0,65.8,23,6,1
stream_0_date_13:33:27_09_22_2019.pcap,0,0.66,0,23,6,-1
stream_0_date_13:34:49_09_20_2019.pcap,0,0.66,0,23,6,-1
stream_0_date_13:35:28_09_22_2019.pcap,0,0.66,0,23,6,-1
stream_0_date_13:35:50_09_20_2019.pcap,0.06,0,54.09,23,6,1
stream_0_date_13:37:47_09_18_2019.pcap,0.06,0,54.72,23,6,1
stream_0_date_13:37:51_09_20_2019.pcap,0,0.66,0,23,6,-1
stream_0_date_13:38:52_09_20_2019.pcap,0.06,0,70.34,23,6,1
stream_0_date_13:39:48_09_18_2019.pcap,0,0.66,0,23,6,-1
stream_0_date_13:40:54_09_20_2019.pcap,0,0.66,0,23,6,-1
stream_0_date_13:44:31_09_22_2019.pcap,0.06,0,54.09,23,6,1
stream_0_date_13:46:33_09_22_2019.pcap,0.11,0,60.73,23,6,1
stream_0_date_13:48:13_09_19_2019.pcap,0.05,0,33.05,23,6,1
stream_0_date_13:48:34_09_22_2019.pcap,0,0.66,0,23,6,-1
stream_0_date_13:49:14_09_19_2019.pcap,0,0.25,9.5,23,6,1
stream_0_date_13:49:23_09_21_2019.pcap,0.09,0.09,3.19,23,6,1
stream_0_date_13:51:24_09_23_2019.pcap,1,0,0,23,6,-1
stream_0_date_13:55:17_09_19_2019.pcap,0.06,0,22.09,23,6,1
stream_0_date_13:55:58_09_20_2019.pcap,0.06,0,65.8,23,6,1
stream_0_date_13:56:18_09_19_2019.pcap,0,0.25,9.5,23,6,1
stream_0_date_13:56:59_09_20_2019.pcap,0,0.66,0,23,6,-1
stream_0_date_14:04:02_09_20_2019.pcap,0.1,0,5.35,23,6,1
stream_0_date_14:05:03_09_20_2019.pcap,0,0,193.3,23,6,1
stream_0_date_14:07:04_09_20_2019.pcap,0,0.66,0,23,6,-1
stream_0_date_14:11:06_09_20_2019.pcap,0.06,0,65.8,23,6,1
stream_0_date_14:11:15_09_17_2019.pcap,0.16,0,6.54,23,6,1
stream_0_date_14:12:16_09_17_2019.pcap,0,0,164.33,23,6,1
stream_0_date_14:12:41_09_22_2019.pcap,0.66,0,0,23,6,-1
stream_0_date_14:13:07_09_20_2019.pcap,0,0.66,0,23,6,-1
stream_0_date_14:13:42_09_22_2019.pcap,0.06,0,65.8,23,6,1
stream_0_date_14:14:17_09_17_2019.pcap,0,0.66,0,23,6,-1
stream_0_date_14:14:43_09_22_2019.pcap,0.06,0,65.8,23,6,1
stream_0_date_14:15:23_09_19_2019.pcap,0.05,0,20.73,23,6,1
stream_0_date_14:15:44_09_22_2019.pcap,0,0.66,0,23,6,-1
stream_0_date_14:16:09_09_20_2019.pcap,0.06,0,70.34,23,6,1
stream_0_date_14:16:24_09_19_2019.pcap,0,0.16,12.5,23,6,1
stream_0_date_14:16:45_09_22_2019.pcap,0,0.66,0,23,6,-1
stream_0_date_14:17:18_09_17_2019.pcap,0.66,0,0,23,6,-1
stream_0_date_14:17:25_09_19_2019.pcap,0.05,0,78.07,23,6,1
stream_0_date_14:18:10_09_20_2019.pcap,0,0.66,0,23,6,-1
stream_0_date_14:18:26_09_19_2019.pcap,0,0.66,0,23,6,-1
stream_0_date_14:19:11_09_20_2019.pcap,0.06,0,70.34,23,6,1
stream_0_date_14:20:27_09_19_2019.pcap,0,0.66,0,23,6,-1
stream_0_date_14:21:12_09_20_2019.pcap,0,0.66,0,23,6,-1
stream_0_date_14:21:28_09_19_2019.pcap,0.05,0,20.36,23,6,1
stream_0_date_14:22:13_09_20_2019.pcap,0.06,0,57.82,23,6,1
stream_0_date_14:22:29_09_19_2019.pcap,0,0.25,9.5,23,6,1
stream_0_date_14:23:59_09_18_2019.pcap,1,0,0,23,6,-1
stream_0_date_14:24:15_09_20_2019.pcap,0,0.66,0,23,6,-1
stream_0_date_14:32:33_09_19_2019.pcap,0.06,0,59.65,23,6,1
stream_0_date_14:34:34_09_19_2019.pcap,0,0.66,0,23,6,-1
stream_0_date_14:34:50_09_22_2019.pcap,0.07,0,62.11,23,6,1
stream_0_date_14:35:04_09_18_2019.pcap,0.06,0,54.72,23,6,1
stream_0_date_14:35:51_09_22_2019.pcap,0.06,0,54.09,23,6,1
stream_0_date_14:36:36_09_21_2019.pcap,0.85,0,0,23,6,-1
stream_0_date_14:36:52_09_22_2019.pcap,0,0.66,0,23,6,-1
stream_0_date_14:37:05_09_18_2019.pcap,0,0.66,0,23,6,-1
stream_0_date_14:37:53_09_22_2019.pcap,0,0.66,0,23,6,-1
stream_0_date_14:38:54_09_22_2019.pcap,0,0.66,0,23,6,-1
stream_0_date_14:45:21_09_20_2019.pcap,0.25,0,4.37,23,6,1
stream_0_date_14:47:22_09_20_2019.pcap,0.06,0,65.8,23,6,1
stream_0_date_14:49:09_09_18_2019.pcap,0.06,0,54.72,23,6,1
stream_0_date_14:49:23_09_20_2019.pcap,0,0.66,0,23,6,-1
stream_0_date_14:51:10_09_18_2019.pcap,0,0.66,0,23,6,-1
stream_0_date_14:53:25_09_20_2019.pcap,0.06,0,65.8,23,6,1
stream_0_date_14:54:26_09_20_2019.pcap,0.05,0.05,60,23,6,1
stream_0_date_14:55:27_09_20_2019.pcap,0.06,0,57.82,23,6,1
stream_0_date_14:56:28_09_20_2019.pcap,0,0.66,0,23,6,-1
stream_0_date_15:04:31_09_20_2019.pcap,1,0,0,23,6,-1
stream_0_date_15:05:32_09_20_2019.pcap,1,0,0,23,6,-1
stream_0_date_15:08:33_09_20_2019.pcap,1,0,0,23,6,-1
stream_0_date_15:09:34_09_20_2019.pcap,1,0,0,23,6,-1
stream_0_date_15:10:35_09_20_2019.pcap,1,0,0,23,6,-1
stream_0_date_15:12:44_09_19_2019.pcap,0.25,0,4.37,23,6,1
stream_0_date_15:14:46_09_19_2019.pcap,0.06,0,55.8,23,6,1
stream_0_date_15:16:47_09_19_2019.pcap,0,0.66,0,23,6,-1
stream_0_date_15:17:17_09_18_2019.pcap,0.06,0,40.83,23,6,1
stream_0_date_15:18:18_09_18_2019.pcap,0,0.25,9.5,23,6,1
stream_0_date_15:18:48_09_19_2019.pcap,0.05,0,20.36,23,6,1
stream_0_date_15:19:19_09_18_2019.pcap,0,0.66,0,23,6,-1
stream_0_date_15:19:49_09_19_2019.pcap,0,0.25,9.5,23,6,1
stream_0_date_15:21:50_09_19_2019.pcap,0,0.66,0,23,6,-1
stream_0_date_15:22:51_09_19_2019.pcap,0.05,0,18.97,23,6,1
stream_0_date_15:23:52_09_19_2019.pcap,0,0.25,9.5,23,6,1
stream_0_date_15:24:21_09_18_2019.pcap,0.06,0,23.58,23,6,1
stream_0_date_15:25:22_09_18_2019.pcap,0,0.25,9.5,23,6,1
stream_0_date_15:27:49_09_21_2019.pcap,0.28,0,5,23,6,1
stream_0_date_15:27:54_09_19_2019.pcap,0.05,0,81.97,23,6,1
stream_0_date_15:28:50_09_21_2019.pcap,0,0,0,23,6,-1
stream_0_date_15:29:24_09_18_2019.pcap,0.05,0,21.82,23,6,1
stream_0_date_15:29:51_09_21_2019.pcap,0.85,0,0,23,6,-1
stream_0_date_15:29:55_09_19_2019.pcap,0.06,0,22.09,23,6,1
stream_0_date_15:30:25_09_18_2019.pcap,0,0.25,9.5,23,6,1
stream_0_date_15:30:56_09_19_2019.pcap,0,0.25,9.5,23,6,1
stream_0_date_15:31:44_09_20_2019.pcap,1,0,0,23,6,-1
stream_0_date_15:32:08_09_22_2019.pcap,0.09,0.09,3.19,23,6,1
stream_0_date_15:32:45_09_20_2019.pcap,1,0,0,23,6,-1
stream_0_date_15:33:46_09_20_2019.pcap,1,0,0,23,6,-1
stream_0_date_15:34:27_09_18_2019.pcap,0.04,0,19.26,23,6,1
stream_0_date_15:34:47_09_20_2019.pcap,1,0,0,23,6,-1
stream_0_date_15:35:28_09_18_2019.pcap,0,0.25,9.5,23,6,1
stream_0_date_15:35:48_09_20_2019.pcap,1,0,0,23,6,-1
stream_0_date_15:35:58_09_19_2019.pcap,0.05,0,21.82,23,6,1
stream_0_date_15:36:29_09_18_2019.pcap,0.06,0,55.8,23,6,1
stream_0_date_15:36:49_09_20_2019.pcap,0.85,0,0,23,6,-1
stream_0_date_15:36:52_09_23_2019.pcap,0.06,0,51.19,23,6,1
stream_0_date_15:36:59_09_19_2019.pcap,0,0.25,9.5,23,6,1
stream_0_date_15:37:30_09_18_2019.pcap,0.06,0,22.09,23,6,1
stream_0_date_15:38:31_09_18_2019.pcap,0,0.66,0,23,6,-1
stream_0_date_15:38:53_09_23_2019.pcap,0,0.66,0,23,6,-1
stream_0_date_15:40:32_09_18_2019.pcap,0.05,0,20.36,23,6,1
stream_0_date_15:41:33_09_18_2019.pcap,0,0.25,9.5,23,6,1
stream_0_date_15:52:04_09_19_2019.pcap,0.06,0,22.15,23,6,1
stream_0_date_15:53:05_09_19_2019.pcap,0,0.25,9.5,23,6,1
stream_0_date_16:01:39_09_18_2019.pcap,0.06,0,59.65,23,6,1
stream_0_date_16:01:56_09_20_2019.pcap,0.16,0,6.5,23,6,1
stream_0_date_16:02:57_09_20_2019.pcap,0,0.06,65.48,23,6,1
stream_0_date_16:03:40_09_18_2019.pcap,0,0.66,0,23,6,-1
stream_0_date_16:04:58_09_20_2019.pcap,0.07,0,5.48,23,6,1
stream_0_date_16:05:59_09_20_2019.pcap,0,0.37,3.5,23,6,1
stream_0_date_16:06:41_09_18_2019.pcap,0.05,0,20.44,23,6,1
stream_0_date_16:07:00_09_20_2019.pcap,1,0,0,23,6,-1
stream_0_date_16:07:42_09_18_2019.pcap,0,0.16,12.5,23,6,1
stream_0_date_16:08:43_09_18_2019.pcap,0.06,0,51.19,23,6,1
stream_0_date_16:10:45_09_18_2019.pcap,0,0.66,0,23,6,-1
stream_0_date_16:11:10_09_19_2019.pcap,0.05,0,20.89,23,6,1
stream_0_date_16:11:46_09_18_2019.pcap,0.06,0,22.09,23,6,1
stream_0_date_16:12:11_09_19_2019.pcap,0,0.2,15.2,23,6,1
stream_0_date_16:13:12_09_19_2019.pcap,0,0.2,7.6,23,6,1
stream_0_date_16:13:48_09_18_2019.pcap,0.05,0,21.82,23,6,1
stream_0_date_16:14:49_09_18_2019.pcap,0,0.25,9.5,23,6,1
stream_0_date_16:15:03_09_20_2019.pcap,0.06,0,51.19,23,6,1
stream_0_date_16:17:04_09_20_2019.pcap,0,0.66,0,23,6,-1
stream_0_date_16:18:50_09_18_2019.pcap,0.05,0,20.36,23,6,1
stream_0_date_16:19:05_09_20_2019.pcap,0.05,0,60,23,6,1
stream_0_date_16:19:51_09_18_2019.pcap,0,0.25,9.5,23,6,1
stream_0_date_16:21:07_09_20_2019.pcap,0,0.66,0,23,6,-1
stream_0_date_16:22:08_09_20_2019.pcap,0.09,0,5.09,23,6,1
stream_0_date_16:23:09_09_20_2019.pcap,0,0,193.3,23,6,1
stream_0_date_16:25:10_09_20_2019.pcap,0,0.66,0,23,6,-1
stream_0_date_16:29:17_09_19_2019.pcap,1,0,0,23,6,-1
stream_0_date_16:41:20_09_19_2019.pcap,0.05,0,21.79,23,6,1
stream_0_date_16:42:21_09_19_2019.pcap,0,0.25,9.5,23,6,1
stream_0_date_16:48:24_09_19_2019.pcap,0.06,0,23.51,23,6,1
stream_0_date_16:49:25_09_19_2019.pcap,0,0.25,9.5,23,6,1
stream_0_date_16:55:27_09_19_2019.pcap,0.05,0,21.82,23,6,1
stream_0_date_16:56:28_09_19_2019.pcap,0,0.25,9.5,23,6,1
stream_0_date_17:03:03_09_18_2019.pcap,0.06,0,22.09,23,6,1
stream_0_date_17:04:04_09_18_2019.pcap,0,0.25,9.5,23,6,1
stream_0_date_17:07:05_09_18_2019.pcap,0.06,0,22.15,23,6,1
stream_0_date_17:08:06_09_18_2019.pcap,0,0.25,9.5,23,6,1
stream_0_date_17:12:08_09_18_2019.pcap,0.09,0,4.33,23,6,1
stream_0_date_17:13:09_09_18_2019.pcap,0,0.05,36.26,23,6,1
stream_0_date_17:15:10_09_18_2019.pcap,0,0.66,0,23,6,-1
stream_0_date_17:18:34_09_19_2019.pcap,0.75,0,0,23,6,-1
stream_0_date_17:21:36_09_19_2019.pcap,0.05,0,62.11,23,6,1
stream_0_date_17:23:13_09_18_2019.pcap,0.08,0,3.82,23,6,1
stream_0_date_17:23:37_09_19_2019.pcap,0,0.87,0,23,6,-1
stream_0_date_17:24:14_09_18_2019.pcap,0,0.06,45.53,23,6,1
stream_0_date_17:25:15_09_18_2019.pcap,0.06,0,21.18,23,6,1
stream_0_date_17:25:38_09_19_2019.pcap,0.13,0.13,8.6,23,6,1
stream_0_date_17:26:16_09_18_2019.pcap,0,0.16,12.5,23,6,1
stream_0_date_17:27:17_09_18_2019.pcap,0.28,0,5,23,6,1
stream_0_date_17:28:18_09_18_2019.pcap,0,0,0,23,6,-1
stream_0_date_17:29:40_09_19_2019.pcap,0.07,0,58.14,23,6,1
stream_0_date_17:31:41_09_19_2019.pcap,0,0.66,0,23,6,-1
stream_0_date_17:34:43_09_19_2019.pcap,0.05,0,20.61,23,6,1
stream_0_date_17:35:44_09_19_2019.pcap,0,0.25,9.5,23,6,1
stream_0_date_17:47:48_09_19_2019.pcap,0.03,0,36.86,23,6,1
stream_0_date_17:49:25_09_18_2019.pcap,0,0.37,4.75,23,6,1
stream_0_date_17:51:11_09_17_2019.pcap,1,0,0,23,6,-1
stream_0_date_17:52:50_09_19_2019.pcap,1,0,0,23,6,-1
stream_0_date_17:53:26_09_18_2019.pcap,0.16,0,3.5,23,6,1
stream_0_date_17:53:33_09_20_2019.pcap,0.25,0,4.37,23,6,1
stream_0_date_17:54:27_09_18_2019.pcap,0,0.22,12.55,23,6,1
stream_0_date_17:57:29_09_18_2019.pcap,0.1,0,19.36,23,6,1
stream_0_date_17:58:30_09_18_2019.pcap,0,0.25,9.5,23,6,1
stream_0_date_18:07:33_09_18_2019.pcap,0.12,0,55.8,23,6,1
stream_0_date_18:09:34_09_18_2019.pcap,0,0.75,0,23,6,-1
stream_0_date_18:19:37_09_18_2019.pcap,1,0,0,23,6,-1
stream_0_date_18:19:40_09_20_2019.pcap,1,0,0,23,6,-1
stream_0_date_18:20:41_09_20_2019.pcap,1,0,0,23,6,-1
stream_0_date_18:21:39_09_18_2019.pcap,0.16,0.16,3.91,23,6,1
stream_0_date_18:23:43_09_20_2019.pcap,1,0,0,23,6,-1
stream_0_date_18:26:41_09_18_2019.pcap,0.06,0,3.31,23,6,1
stream_0_date_18:27:42_09_18_2019.pcap,0,0.06,45.53,23,6,1
stream_0_date_18:28:45_09_20_2019.pcap,1,0,0,23,6,-1
stream_0_date_18:31:44_09_18_2019.pcap,0.06,0,22.15,23,6,1
stream_0_date_18:32:45_09_18_2019.pcap,0,0.25,9.5,23,6,1
stream_0_date_18:32:47_09_20_2019.pcap,0,0.66,0,23,6,-1
stream_0_date_18:34:49_09_20_2019.pcap,0.06,0,54.09,23,6,1
stream_0_date_18:36:50_09_20_2019.pcap,0,0.71,0,23,6,-1
stream_0_date_18:37:51_09_20_2019.pcap,0,0.6,0,23,6,-1
stream_0_date_18:45:57_09_22_2019.pcap,0.75,0,0,23,6,-1
stream_0_date_18:47:58_09_22_2019.pcap,0.28,0,5,23,6,1
stream_0_date_18:48:59_09_22_2019.pcap,0,0,0,23,6,-1
stream_0_date_19:01:30_09_17_2019.pcap,0.25,0,4.37,23,6,1
stream_0_date_19:03:08_09_19_2019.pcap,0.05,0,57.35,23,6,1
stream_0_date_19:05:09_09_19_2019.pcap,0,0.66,0,23,6,-1
stream_0_date_19:06:04_09_22_2019.pcap,0.06,0,54.09,23,6,1
stream_0_date_19:08:06_09_22_2019.pcap,0,0.66,0,23,6,-1
stream_0_date_19:16:49_09_21_2019.pcap,0.06,0,54.72,23,6,1
stream_0_date_19:17:09_09_22_2019.pcap,0.06,0,54.09,23,6,1
stream_0_date_19:18:13_09_19_2019.pcap,0.12,0,114.95,23,6,1
stream_0_date_19:18:50_09_21_2019.pcap,0,0.66,0,23,6,-1
stream_0_date_19:19:10_09_22_2019.pcap,0,0.66,0,23,6,-1
stream_0_date_19:20:14_09_19_2019.pcap,0,0.66,0,23,6,-1
stream_0_date_19:23:12_09_22_2019.pcap,0.06,0,52.4,23,6,1
stream_0_date_19:25:13_09_22_2019.pcap,0,0.66,0,23,6,-1
stream_0_date_19:27:14_09_22_2019.pcap,0.06,0,54.09,23,6,1
stream_0_date_19:28:15_09_22_2019.pcap,0.06,0,54.09,23,6,1
stream_0_date_19:28:17_09_19_2019.pcap,0.66,0,0,23,6,-1
stream_0_date_19:29:16_09_22_2019.pcap,0,0.66,0,23,6,-1
stream_0_date_19:29:18_09_19_2019.pcap,0,0.09,4.09,23,6,1
stream_0_date_19:30:17_09_22_2019.pcap,0,0.66,0,23,6,-1
stream_0_date_19:36:19_09_22_2019.pcap,0.06,0,54.09,23,6,1
stream_0_date_19:38:21_09_22_2019.pcap,0,0.66,0,23,6,-1
stream_0_date_19:39:22_09_22_2019.pcap,0.06,0,57.82,23,6,1
stream_0_date_19:41:23_09_22_2019.pcap,0,0.66,0,23,6,-1
stream_0_date_19:45:25_09_22_2019.pcap,0.06,0,70.34,23,6,1
stream_0_date_19:47:26_09_22_2019.pcap,0,0.66,0,23,6,-1
stream_0_date_19:52:05_09_18_2019.pcap,1,0,0,23,6,-1
stream_0_date_19:53:06_09_18_2019.pcap,0.66,0,0,23,6,-1
stream_0_date_19:53:28_09_22_2019.pcap,0.06,0,54.09,23,6,1
stream_0_date_19:54:25_09_19_2019.pcap,0.06,0,62.9,23,6,1
stream_0_date_19:55:26_09_19_2019.pcap,1,0,0,23,6,-1
stream_0_date_19:55:29_09_22_2019.pcap,0,0.66,0,23,6,-1
stream_0_date_19:59:09_09_18_2019.pcap,0.05,0,21.64,23,6,1
stream_0_date_20:00:10_09_18_2019.pcap,0,0.25,9.5,23,6,1
stream_0_date_20:02:11_09_18_2019.pcap,0,0.66,0,23,6,-1
stream_0_date_20:03:12_09_18_2019.pcap,0.05,0,21.82,23,6,1
stream_0_date_20:04:13_09_18_2019.pcap,0,0.25,9.5,23,6,1
stream_0_date_20:04:32_09_22_2019.pcap,0.06,0,54.09,23,6,1
stream_0_date_20:05:14_09_18_2019.pcap,0.09,0.09,3.19,23,6,1
stream_0_date_20:06:34_09_22_2019.pcap,0,0.66,0,23,6,-1
stream_0_date_20:13:04_09_21_2019.pcap,1,0,0,23,6,-1
stream_0_date_20:13:36_09_22_2019.pcap,0.06,0,54.09,23,6,1
stream_0_date_20:15:37_09_22_2019.pcap,0.06,0,54.09,23,6,1
stream_0_date_20:17:39_09_22_2019.pcap,0,0.66,0,23,6,-1
stream_0_date_20:26:42_09_22_2019.pcap,0.06,0,54.09,23,6,1
stream_0_date_20:28:43_09_22_2019.pcap,0,0.66,0,23,6,-1
stream_0_date_20:30:21_09_18_2019.pcap,0.05,0,20.36,23,6,1
stream_0_date_20:31:22_09_18_2019.pcap,0,0.25,9.5,23,6,1
stream_0_date_20:33:23_09_18_2019.pcap,0.06,0,22.15,23,6,1
stream_0_date_20:34:24_09_18_2019.pcap,0,0.25,9.5,23,6,1
stream_0_date_20:43:40_09_19_2019.pcap,0.11,0,58.05,23,6,1
stream_0_date_20:44:27_09_18_2019.pcap,0.06,0,22.09,23,6,1
stream_0_date_20:45:28_09_18_2019.pcap,0,0.25,9.5,23,6,1
stream_0_date_20:45:41_09_19_2019.pcap,0,0.66,0,23,6,-1
stream_0_date_21:01:01_09_17_2019.pcap,0.05,0,57.88,23,6,1
stream_0_date_21:02:02_09_17_2019.pcap,1,0,0,23,6,-1
stream_0_date_21:03:03_09_17_2019.pcap,0,0.71,0,23,6,-1
stream_0_date_21:04:04_09_17_2019.pcap,0,0.66,0,23,6,-1
stream_0_date_21:09:07_09_17_2019.pcap,0,0.4,2.4,23,6,1
stream_0_date_21:10:08_09_17_2019.pcap,1,0,0,23,6,-1
stream_0_date_21:15:10_09_17_2019.pcap,1,0,0,23,6,-1
stream_0_date_21:16:11_09_17_2019.pcap,1,0,0,23,6,-1
stream_0_date_21:16:56_09_22_2019.pcap,0.66,0,0,23,6,-1
stream_0_date_21:18:12_09_17_2019.pcap,1,0,0,23,6,-1
stream_0_date_21:19:13_09_17_2019.pcap,1,0,0,23,6,-1
stream_0_date_21:22:38_09_18_2019.pcap,1,0,0,23,6,-1
stream_0_date_21:26:15_09_17_2019.pcap,1,0,0,23,6,-1
stream_0_date_21:29:17_09_17_2019.pcap,0.16,0.16,3.91,23,6,1
stream_0_date_21:41:38_09_20_2019.pcap,0.66,0,0,23,6,-1
stream_0_date_21:42:39_09_20_2019.pcap,0.09,0,5.09,23,6,1
stream_0_date_21:43:21_09_17_2019.pcap,0.06,0,63.48,23,6,1
stream_0_date_21:43:40_09_20_2019.pcap,0,0,193.3,23,6,1
stream_0_date_21:44:41_09_20_2019.pcap,0.06,0,65.8,23,6,1
stream_0_date_21:45:22_09_17_2019.pcap,0,0.71,0,23,6,-1
stream_0_date_21:45:42_09_20_2019.pcap,0,0.66,0,23,6,-1
stream_0_date_21:46:23_09_17_2019.pcap,0,0.66,0,23,6,-1
stream_0_date_21:46:43_09_20_2019.pcap,0,0.66,0,23,6,-1
stream_0_date_21:47:44_09_20_2019.pcap,0,0.66,0,23,6,-1
stream_0_date_21:48:25_09_17_2019.pcap,1,0,0,23,6,-1
stream_0_date_21:48:45_09_20_2019.pcap,0.06,0,54.09,23,6,1
stream_0_date_21:50:46_09_20_2019.pcap,0,0.66,0,23,6,-1
stream_0_date_21:51:28_09_17_2019.pcap,1,0,0,23,6,-1
stream_0_date_21:51:47_09_20_2019.pcap,0.06,0,65.8,23,6,1
stream_0_date_21:51:58_09_19_2019.pcap,0.66,0,0,23,6,-1
stream_0_date_21:53:49_09_20_2019.pcap,0.06,0,70.34,23,6,1
stream_0_date_21:55:06_09_22_2019.pcap,1,0,0,23,6,-1
stream_0_date_21:55:50_09_20_2019.pcap,0,0.66,0,23,6,-1
stream_0_date_21:59:31_09_17_2019.pcap,1,0,0,23,6,-1
stream_0_date_21:59:52_09_20_2019.pcap,0.06,0,65.8,23,6,1
stream_0_date_22:00:32_09_17_2019.pcap,1,0,0,23,6,-1
stream_0_date_22:01:33_09_17_2019.pcap,1,0,0,23,6,-1
stream_0_date_22:01:53_09_20_2019.pcap,0,0.66,0,23,6,-1
stream_0_date_22:05:02_09_19_2019.pcap,0.18,0,4.27,23,6,1
stream_0_date_22:06:03_09_19_2019.pcap,0,0.66,0,23,6,-1
stream_0_date_22:06:36_09_17_2019.pcap,0,0.72,0,23,6,-1
stream_0_date_22:07:37_09_17_2019.pcap,0,0.66,0,23,6,-1
stream_0_date_22:08:38_09_17_2019.pcap,1,0,0,23,6,-1
stream_0_date_22:09:39_09_17_2019.pcap,1,0,0,23,6,-1
stream_0_date_22:17:37_09_21_2019.pcap,1,0,0,23,6,-1
stream_0_date_22:17:43_09_17_2019.pcap,1,0,0,23,6,-1
stream_0_date_22:24:02_09_16_2019.pcap,0.66,0,0,23,6,-1
stream_0_date_22:26:00_09_20_2019.pcap,0.06,0,54.09,23,6,1
stream_0_date_22:28:01_09_20_2019.pcap,0,0.66,0,23,6,-1
stream_0_date_22:30:02_09_20_2019.pcap,0,0.66,0,23,6,-1
stream_0_date_22:31:10_09_19_2019.pcap,1,0,0,23,6,-1
stream_0_date_22:32:03_09_20_2019.pcap,0.06,0,62.9,23,6,1
stream_0_date_22:32:48_09_17_2019.pcap,1,0,0,23,6,-1
stream_0_date_22:33:04_09_20_2019.pcap,0,0,167.54,23,6,1
stream_0_date_22:33:49_09_17_2019.pcap,1,0,0,23,6,-1
stream_0_date_22:34:05_09_20_2019.pcap,0,0.66,0,23,6,-1
stream_0_date_22:35:06_09_20_2019.pcap,0,0.66,0,23,6,-1
stream_0_date_22:37:08_09_20_2019.pcap,0,0.66,0,23,6,-1
stream_0_date_22:38:09_09_20_2019.pcap,0.06,0,70.34,23,6,1
stream_0_date_22:41:10_09_20_2019.pcap,0,0.66,0,23,6,-1
stream_0_date_22:42:11_09_20_2019.pcap,0,0,115.41,23,6,1
stream_0_date_22:43:52_09_17_2019.pcap,1,0,0,23,6,-1
stream_0_date_22:44:13_09_20_2019.pcap,0,0.66,0,23,6,-1
stream_0_date_22:44:53_09_17_2019.pcap,1,0,0,23,6,-1
stream_0_date_22:45:14_09_20_2019.pcap,0,0.66,0,23,6,-1
stream_0_date_22:45:54_09_17_2019.pcap,1,0,0,23,6,-1
stream_0_date_22:46:15_09_20_2019.pcap,1,0,0,23,6,-1
stream_0_date_22:47:16_09_19_2019.pcap,0.5,0,0,23,6,-1
stream_0_date_22:47:16_09_20_2019.pcap,0.06,0,67.24,23,6,1
stream_0_date_22:49:17_09_20_2019.pcap,0,0.66,0,23,6,-1
stream_0_date_22:50:56_09_17_2019.pcap,1,0,0,23,6,-1
stream_0_date_22:51:19_09_20_2019.pcap,0,0.66,0,23,6,-1
stream_0_date_22:52:20_09_20_2019.pcap,1,0,0,23,6,-1
stream_0_date_22:58:23_09_20_2019.pcap,1,0,0,23,6,-1
stream_0_date_23:00:11_09_16_2019.pcap,1,0,0,23,6,-1
stream_0_date_23:00:25_09_20_2019.pcap,1,0,0,23,6,-1
stream_0_date_23:07:27_09_20_2019.pcap,1,0,0,23,6,-1
stream_0_date_23:08:05_09_18_2019.pcap,0.06,0,23.51,23,6,1
stream_0_date_23:08:28_09_20_2019.pcap,1,0,0,23,6,-1
stream_0_date_23:09:06_09_18_2019.pcap,0,0.25,9.5,23,6,1
stream_0_date_23:12:30_09_20_2019.pcap,1,0,0,23,6,-1
stream_0_date_23:14:31_09_20_2019.pcap,1,0,0,23,6,-1
stream_0_date_23:17:16_09_16_2019.pcap,0.66,0,0,23,6,-1
stream_0_date_23:21:18_09_16_2019.pcap,1,0,0,23,6,-1
stream_0_date_23:22:19_09_16_2019.pcap,0.66,0,0,23,6,-1
stream_0_date_23:23:34_09_20_2019.pcap,1,0,0,23,6,-1
stream_0_date_23:24:35_09_20_2019.pcap,1,0,0,23,6,-1
stream_0_date_23:25:36_09_20_2019.pcap,1,0,0,23,6,-1
stream_0_date_23:27:12_09_18_2019.pcap,0.05,0,19.23,23,6,1
stream_0_date_23:27:38_09_20_2019.pcap,1,0,0,23,6,-1
stream_0_date_23:28:13_09_18_2019.pcap,0,0.25,9.5,23,6,1
stream_0_date_23:32:14_09_18_2019.pcap,0.12,0,52.42,23,6,1
stream_0_date_23:32:22_09_16_2019.pcap,0.05,0.05,11.41,23,6,1
stream_0_date_23:33:58_09_21_2019.pcap,0.66,0,0,23,6,-1
stream_0_date_23:34:16_09_18_2019.pcap,0,0.66,0,23,6,-1
stream_0_date_23:34:59_09_21_2019.pcap,0,0,0,23,6,-1
stream_0_date_23:40:43_09_20_2019.pcap,1,0,0,23,6,-1
stream_0_date_23:41:18_09_18_2019.pcap,0.06,0,22.09,23,6,1
stream_0_date_23:42:19_09_18_2019.pcap,0,0.25,9.5,23,6,1
stream_0_date_23:43:45_09_20_2019.pcap,1,0,0,23,6,-1
stream_0_date_23:44:31_09_19_2019.pcap,1,0,0,23,6,-1
stream_0_date_23:44:46_09_20_2019.pcap,1,0,0,23,6,-1
stream_0_date_23:46:02_09_21_2019.pcap,1,0,0,23,6,-1
stream_0_date_23:48:11_09_17_2019.pcap,1,0,0,23,6,-1
stream_0_date_23:52:37_09_22_2019.pcap,1,0,0,23,6,-1
stream_0_date_23:52:48_09_20_2019.pcap,1,0,0,23,6,-1
stream_0_date_23:53:49_09_20_2019.pcap,1,0,0,23,6,-1
stream_0_date_23:54:50_09_20_2019.pcap,1,0,0,23,6,-1
stream_0_date_23:55:51_09_20_2019.pcap,0.06,0,54.09,23,6,1
stream_0_date_23:57:53_09_20_2019.pcap,0,0.66,0,23,6,-1
stream_0_date_23:58:54_09_20_2019.pcap,1,0,0,23,6,-1
stream_0_date_23:59:24_09_18_2019.pcap,0.05,0,20.44,23,6,1
stream_0_date_23:59:55_09_20_2019.pcap,1,0,0,23,6,-1
stream_1_date_00:08:59_09_21_2019.pcap,1,0,0,23,6,-1
stream_1_date_00:10:00_09_21_2019.pcap,1,0,0,23,6,-1
stream_1_date_00:20:40_09_20_2019.pcap,0.25,0,4.37,23,6,1
stream_1_date_00:22:45_09_23_2019.pcap,1,0,0,23,6,-1
stream_1_date_00:27:10_09_21_2019.pcap,1,0,0,23,6,-1
stream_1_date_00:29:11_09_21_2019.pcap,1,0,0,23,6,-1
stream_1_date_00:31:12_09_21_2019.pcap,1,0,0,23,6,-1
stream_1_date_00:46:52_09_23_2019.pcap,0.06,0,68,23,6,1
stream_1_date_01:15:40_09_21_2019.pcap,0.06,0,70.34,23,6,1
stream_1_date_01:31:54_09_21_2019.pcap,1,0,0,23,6,-1
stream_1_date_01:56:09_09_21_2019.pcap,1,0,0,23,6,-1
stream_1_date_02:26:25_09_21_2019.pcap,1,0,0,23,6,-1
stream_1_date_02:27:26_09_21_2019.pcap,1,0,0,23,6,-1
stream_1_date_02:36:22_09_23_2019.pcap,0.66,0,0,23,6,-1
stream_1_date_02:44:34_09_21_2019.pcap,1,0,0,23,6,-1
stream_1_date_02:45:35_09_21_2019.pcap,1,0,0,23,6,-1
stream_1_date_02:56:40_09_21_2019.pcap,1,0,0,23,6,-1
stream_1_date_02:58:42_09_21_2019.pcap,1,0,0,23,6,-1
stream_1_date_03:00:44_09_21_2019.pcap,1,0,0,23,6,-1
stream_1_date_03:09:47_09_21_2019.pcap,1,0,0,23,6,-1
stream_1_date_03:27:56_09_21_2019.pcap,1,0,0,23,6,-1
stream_1_date_03:28:57_09_21_2019.pcap,1,0,0,23,6,-1
stream_1_date_03:55:10_09_21_2019.pcap,1,0,0,23,6,-1
stream_1_date_04:19:21_09_21_2019.pcap,1,0,0,23,6,-1
stream_1_date_04:22:24_09_21_2019.pcap,1,0,0,23,6,-1
stream_1_date_04:49:38_09_21_2019.pcap,1,0,0,23,6,-1
stream_1_date_04:51:40_09_21_2019.pcap,1,0,0,23,6,-1
stream_1_date_05:01:45_09_21_2019.pcap,1,0,0,23,6,-1
stream_1_date_05:06:49_09_21_2019.pcap,1,0,0,23,6,-1
stream_1_date_05:22:53_09_21_2019.pcap,1,0,0,23,6,-1
stream_1_date_05:24:55_09_21_2019.pcap,1,0,0,23,6,-1
stream_1_date_05:28:58_09_21_2019.pcap,1,0,0,23,6,-1
stream_1_date_05:39:01_09_21_2019.pcap,1,0,0,23,6,-1
stream_1_date_05:40:02_09_21_2019.pcap,1,0,0,23,6,-1
stream_1_date_05:41:03_09_21_2019.pcap,1,0,0,23,6,-1
stream_1_date_05:42:04_09_21_2019.pcap,1,0,0,23,6,-1
stream_1_date_05:44:06_09_21_2019.pcap,1,0,0,23,6,-1
stream_1_date_05:51:10_09_21_2019.pcap,1,0,0,23,6,-1
stream_1_date_06:09:19_09_21_2019.pcap,1,0,0,23,6,-1
stream_1_date_06:56:44_09_21_2019.pcap,1,0,0,23,6,-1
stream_1_date_06:58:45_09_21_2019.pcap,1,0,0,23,6,-1
stream_1_date_07:21:58_09_21_2019.pcap,1,0,0,23,6,-1
stream_1_date_07:24:00_09_21_2019.pcap,0,0.66,0,23,6,-1
stream_1_date_07:27:03_09_21_2019.pcap,1,0,0,23,6,-1
stream_1_date_08:11:35_09_21_2019.pcap,1,0,0,23,6,-1
stream_1_date_08:25:13_09_19_2019.pcap,0.11,0,40.04,23,6,1
stream_1_date_08:38:59_09_23_2019.pcap,0.1,0.1,3.52,23,6,1
stream_1_date_08:39:48_09_21_2019.pcap,1,0,0,23,6,-1
stream_1_date_08:39:49_09_17_2019.pcap,0.66,0,0,23,6,-1
stream_1_date_08:41:50_09_21_2019.pcap,1,0,0,23,6,-1
stream_1_date_08:52:57_09_21_2019.pcap,1,0,0,23,6,-1
stream_1_date_08:55:59_09_21_2019.pcap,1,0,0,23,6,-1
stream_1_date_09:04:02_09_21_2019.pcap,1,0,0,23,6,-1
stream_1_date_09:06:03_09_21_2019.pcap,1,0,0,23,6,-1
stream_1_date_09:07:34_09_19_2019.pcap,0.06,0,22.15,23,6,1
stream_1_date_09:17:02_09_20_2019.pcap,0.05,0,60,23,6,1
stream_1_date_09:18:10_09_21_2019.pcap,1,0,0,23,6,-1
stream_1_date_09:23:13_09_21_2019.pcap,1,0,0,23,6,-1
stream_1_date_09:32:59_09_22_2019.pcap,0.06,0,54.09,23,6,1
stream_1_date_09:34:19_09_21_2019.pcap,1,0,0,23,6,-1
stream_1_date_09:37:22_09_21_2019.pcap,0.06,0,54.09,23,6,1
stream_1_date_09:47:30_09_21_2019.pcap,1,0,0,23,6,-1
stream_1_date_09:58:24_09_20_2019.pcap,1,0,0,23,6,-1
stream_1_date_10:09:28_09_20_2019.pcap,1,0,0,23,6,-1
stream_1_date_10:14:32_09_20_2019.pcap,0,0.66,0,23,6,-1
stream_1_date_10:16:48_09_21_2019.pcap,1,0,0,23,6,-1
stream_1_date_10:20:36_09_20_2019.pcap,1,0,0,23,6,-1
stream_1_date_10:36:00_09_21_2019.pcap,1,0,0,23,6,-1
stream_1_date_10:47:06_09_21_2019.pcap,1,0,0,23,6,-1
stream_1_date_10:49:07_09_21_2019.pcap,1,0,0,23,6,-1
stream_1_date_10:51:08_09_21_2019.pcap,1,0,0,23,6,-1
stream_1_date_11:10:04_09_20_2019.pcap,1,0,0,23,6,-1
stream_1_date_11:17:19_09_21_2019.pcap,1,0,0,23,6,-1
stream_1_date_11:28:11_09_18_2019.pcap,1,0,0,23,6,-1
stream_1_date_11:31:13_09_18_2019.pcap,0.06,0,49.59,23,6,1
stream_1_date_11:35:29_09_21_2019.pcap,1,0,0,23,6,-1
stream_1_date_11:40:33_09_21_2019.pcap,1,0,0,23,6,-1
stream_1_date_11:51:38_09_21_2019.pcap,1,0,0,23,6,-1
stream_1_date_11:53:40_09_21_2019.pcap,1,0,0,23,6,-1
stream_1_date_11:55:41_09_21_2019.pcap,1,0,0,23,6,-1
stream_1_date_11:55:54_09_23_2019.pcap,0.66,0,0,23,6,-1
stream_1_date_13:26:45_09_20_2019.pcap,1,0,0,23,6,-1
stream_1_date_13:30:17_09_21_2019.pcap,0.66,0,0,23,6,-1
stream_1_date_13:30:47_09_20_2019.pcap,0.06,0,70.34,23,6,1
stream_1_date_14:06:28_09_23_2019.pcap,1,0,0,23,6,-1
stream_1_date_14:28:01_09_18_2019.pcap,0.4,0,2.4,23,6,1
stream_1_date_15:21:39_09_20_2019.pcap,1,0,0,23,6,-1
stream_1_date_15:23:40_09_20_2019.pcap,1,0,0,23,6,-1
stream_1_date_15:30:43_09_20_2019.pcap,1,0,0,23,6,-1
stream_1_date_16:12:47_09_18_2019.pcap,0,0.25,9.5,23,6,1
stream_1_date_17:48:24_09_18_2019.pcap,0.05,0,37.44,23,6,1
stream_1_date_18:19:19_09_17_2019.pcap,0.66,0,0,23,6,-1
stream_1_date_18:20:38_09_18_2019.pcap,0.66,0,0,23,6,-1
stream_1_date_18:30:46_09_20_2019.pcap,0.06,0,65.8,23,6,1
stream_1_date_19:56:27_09_19_2019.pcap,0,0.66,0,23,6,-1
stream_1_date_21:08:06_09_17_2019.pcap,0.05,0,50.88,23,6,1
stream_1_date_21:27:23_09_21_2019.pcap,0.66,0,0,23,6,-1
stream_1_date_21:47:24_09_17_2019.pcap,0,0.66,0,23,6,-1
stream_1_date_21:50:27_09_17_2019.pcap,1,0,0,23,6,-1
stream_1_date_21:52:29_09_17_2019.pcap,1,0,0,23,6,-1
stream_1_date_22:04:35_09_17_2019.pcap,0.93,0,0,23,6,-1
stream_1_date_22:15:41_09_17_2019.pcap,1,0,0,23,6,-1
stream_1_date_22:16:42_09_17_2019.pcap,1,0,0,23,6,-1
stream_1_date_22:18:38_09_21_2019.pcap,0.16,0.16,3.91,23,6,1
stream_1_date_22:22:45_09_17_2019.pcap,1,0,0,23,6,-1
stream_1_date_22:32:11_09_19_2019.pcap,1,0,0,23,6,-1
stream_1_date_22:43:12_09_20_2019.pcap,1,0,0,23,6,-1
stream_1_date_22:54:21_09_22_2019.pcap,1,0,0,23,6,-1
stream_1_date_22:57:22_09_20_2019.pcap,1,0,0,23,6,-1
stream_1_date_22:59:24_09_20_2019.pcap,0.28,0,5,23,6,1
stream_1_date_23:37:41_09_20_2019.pcap,1,0,0,23,6,-1
stream_1_date_23:39:42_09_20_2019.pcap,1,0,0,23,6,-1
